<?xml version="1.0" encoding="utf-8"?>
<Stateflow>
  <machine id="1">
    <P Name="created">16-Apr-2014 13:46:19</P>
    <P Name="isLibrary">0</P>
    <P Name="sfVersion">80000012</P>
    <P Name="sfDemoChecksum">[2988005370 2771551416 1695967507 1706016003]</P>
    <Children>
      <target id="4" name="sfun">
        <P Name="description">Default Simulink S-Function Target.</P>
      </target>
      <target id="5" name="rtw"/>
      <chart id="2">
        <P Name="name">Chart</P>
        <P Name="windowPosition">[199.5 216.75 417 348.75]</P>
        <P Name="viewLimits">[0 525 0 324]</P>
        <P Name="zoomFactor">1.333</P>
        <P Name="stateColor">[0.3803921568627451 0.2745098039215687 0.1803921568627451]</P>
        <P Name="stateLabelColor">[0.4588235294117647 0.2980392156862745 0.1411764705882353]</P>
        <P Name="transitionColor">[0.3215686274509804 0.5450980392156862 0.7725490196078432]</P>
        <P Name="transitionLabelColor">[0.3215686274509804 0.5450980392156862 0.7725490196078432]</P>
        <P Name="junctionColor">[0.7764705882352941 0.4980392156862745 0]</P>
        <P Name="chartColor">[1 0.9882352941176471 0.9254901960784314]</P>
        <P Name="screen">[1 1 3200 1200 1.25]</P>
        <P Name="viewObj">2</P>
        <P Name="decomposition">CLUSTER_CHART</P>
        <P Name="chartFileNumber">3</P>
        <P Name="saturateOnIntegerOverflow">1</P>
        <P Name="userSpecifiedStateTransitionExecutionOrder">1</P>
        <P Name="disableImplicitCasting">1</P>
        <P Name="actionLanguage">2</P>
      </chart>
    </Children>
  </machine>
  <instance id="3">
    <P Name="machine">1</P>
    <P Name="name">Chart</P>
    <P Name="chart">2</P>
  </instance>
</Stateflow>
